query_id,retrieved_ids_support,retrieved_ids_qa,jaccard
0,"['5881.0', '1354.0']","['1354.0', '6343.0', '5881.0']",0.6666666666666666
1,['4871.0'],"['6039.0', '7767.0']",0.0
2,"['10417.0', '3557.0', '2132.0']","['3557.0', '1754.0', '2066.0']",0.2
3,"['2616.0', '10319.0']","['10319.0', '7183.0', '2616.0']",0.6666666666666666
4,[],[],0.0
5,"['8410.0', '10293.0', '5181.0']","['8410.0', '1152.0', '10293.0']",0.5
6,"['3281.0', '4033.0', '8202.0']","['4317.0', '10807.0', '2034.0']",0.0
7,"['7641.0', '6857.0']","['6857.0', '9807.0', '7641.0']",0.6666666666666666
8,"['3709.0', '275.0', '2914.0']","['6097.0', '2914.0', '3472.0']",0.2
9,"['11618.0', '3424.0', '3498.0']","['10781.0', '4712.0', '4589.0']",0.0
10,"['2328.0', '10104.0', '9753.0']","['9753.0', '36.0', '2693.0']",0.2
11,"['270.0', '8060.0']","['8060.0', '2433.0', '2429.0']",0.25
12,"['9171.0', '3026.0', '4073.0']","['10976.0', '4073.0', '9171.0']",0.5
13,"['813.0', '11157.0', '3227.0']","['11157.0', '3227.0', '6118.0']",0.5
14,"['8855.0', '8045.0', '5767.0']","['4650.0', '8855.0', '5767.0']",0.5
15,"['4135.0', '8434.0', '728.0']","['3488.0', '4135.0', '3041.0']",0.2
16,"['8276.0', '8887.0', '601.0']","['8276.0', '8887.0', '8018.0']",0.5
17,"['3256.0', '7588.0', '2894.0']","['4405.0', '3345.0', '7222.0']",0.0
18,['2027.0'],['2027.0'],1.0
19,"['922.0', '9625.0', '1877.0']","['9625.0', '2103.0', '1877.0']",0.5
20,"['8222.0', '9077.0', '6808.0']","['4823.0', '8222.0', '9077.0']",0.5
21,"['4179.0', '3580.0', '3194.0']","['4179.0', '4584.0', '6477.0']",0.2
22,['8139.0'],['8139.0'],1.0
23,"['10334.0', '8849.0', '1497.0']","['10334.0', '11307.0', '1497.0']",0.5
24,"['1568.0', '3954.0']","['1568.0', '11364.0', '3954.0']",0.6666666666666666
25,[],"['7655.0', '4869.0', '4627.0']",0.0
26,"['2977.0', '2807.0', '5270.0']","['3178.0', '4705.0', '10332.0']",0.0
27,"['8501.0', '5320.0', '5502.0']","['8501.0', '4199.0', '11638.0']",0.2
28,"['11674.0', '2523.0', '9155.0']","['10307.0', '2523.0', '8665.0']",0.2
29,[],[],0.0
30,[],"['6327.0', '6431.0', '5736.0']",0.0
31,"['4536.0', '10240.0', '9425.0']","['10498.0', '8092.0', '9769.0']",0.0
32,['9585.0'],[],0.0
33,"['727.0', '11409.0', '11177.0']","['6158.0', '9871.0', '7394.0']",0.0
34,"['249.0', '8926.0', '10474.0']","['7349.0', '475.0', '11430.0']",0.0
35,[],[],0.0
36,"['925.0', '9394.0', '10055.0']","['241.0', '3276.0', '3954.0']",0.0
37,[],[],0.0
38,"['7105.0', '2488.0', '367.0']","['10604.0', '7782.0', '6172.0']",0.0
39,"['911.0', '38.0', '8377.0']","['5625.0', '4238.0', '38.0']",0.2
40,"['7806.0', '8135.0', '3150.0']","['5867.0', '3150.0', '11175.0']",0.2
41,[],[],0.0
42,[],[],0.0
43,"['6422.0', '2929.0', '2509.0']","['6422.0', '2509.0', '2963.0']",0.5
44,"['8286.0', '3592.0', '7026.0']","['3341.0', '3952.0', '8286.0']",0.2
45,"['6429.0', '9462.0', '4668.0']","['3604.0', '4081.0', '981.0']",0.0
46,"['4620.0', '11044.0', '10475.0']","['4620.0', '10475.0', '8272.0']",0.5
47,"['2987.0', '9160.0', '8546.0']","['9160.0', '8546.0', '1335.0']",0.5
48,[],[],0.0
49,[],[],0.0
50,"['3270.0', '1074.0']","['3270.0', '2266.0', '214.0']",0.25
51,"['4508.0', '2546.0', '4907.0']","['4508.0', '2546.0', '4481.0']",0.5
52,[],"['9777.0', '6255.0', '7908.0']",0.0
53,"['1601.0', '67.0', '2964.0']","['3535.0', '4528.0', '2220.0']",0.0
54,"['2384.0', '9259.0', '1755.0']","['1755.0', '9259.0', '9358.0']",0.5
55,"['4416.0', '6784.0', '7208.0']","['7815.0', '7372.0', '4416.0']",0.2
56,[],[],0.0
57,"['1724.0', '4686.0']","['1724.0', '4686.0', '5475.0']",0.6666666666666666
58,"['9004.0', '3767.0', '2076.0']","['9004.0', '8201.0', '7766.0']",0.2
59,"['5230.0', '2195.0', '8802.0']","['1386.0', '773.0', '8802.0']",0.2
60,"['573.0', '2291.0']","['2291.0', '6235.0', '10456.0']",0.25
61,"['690.0', '4670.0', '7742.0']","['7742.0', '8409.0', '10401.0']",0.2
62,"['1217.0', '2433.0', '2066.0']","['1217.0', '1414.0', '2066.0']",0.5
63,"['10417.0', '2066.0', '4322.0']","['10417.0', '1754.0', '4460.0']",0.2
64,"['11427.0', '10782.0', '8263.0']","['11427.0', '4573.0', '10782.0']",0.5
65,"['7864.0', '4033.0', '9212.0']","['8241.0', '5583.0', '7119.0']",0.0
66,[],[],0.0
67,[],[],0.0
68,"['2009.0', '9232.0', '5975.0']","['10421.0', '8318.0', '5975.0']",0.2
69,"['6061.0', '11638.0', '6786.0']","['6061.0', '6786.0', '4394.0']",0.5
70,"['1478.0', '6798.0', '10660.0']","['1478.0', '10457.0', '9545.0']",0.2
71,"['8728.0', '9025.0']","['8728.0', '9025.0', '10876.0']",0.6666666666666666
72,"['7776.0', '2264.0', '5716.0']","['5716.0', '8596.0', '3485.0']",0.2
73,"['5358.0', '908.0', '10507.0']","['908.0', '5721.0', '5444.0']",0.2
74,"['10688.0', '506.0', '3395.0']","['10688.0', '5519.0', '10068.0']",0.2
75,[],[],0.0
76,"['6880.0', '1755.0']",[],0.0
77,"['4552.0', '10018.0', '9192.0']",[],0.0
78,[],[],0.0
79,[],[],0.0
80,"['11428.0', '10495.0', '6416.0']","['11428.0', '3841.0', '10881.0']",0.2
81,"['2720.0', '8166.0', '4613.0']","['6430.0', '5973.0']",0.0
82,"['8931.0', '6440.0', '4433.0']","['8931.0', '8785.0', '4788.0']",0.2
83,"['6690.0', '6653.0', '10304.0']","['8169.0', '10304.0', '6557.0']",0.2
84,"['1246.0', '4176.0', '1726.0']","['1246.0', '8817.0', '10717.0']",0.2
85,['1755.0'],"['1755.0', '9358.0']",0.5
86,"['1717.0', '11512.0', '6002.0']","['11512.0', '1717.0', '2825.0']",0.5
87,"['870.0', '9385.0', '887.0']","['10225.0', '10152.0', '1977.0']",0.0
88,[],[],0.0
89,"['1305.0', '3297.0', '976.0']","['1305.0', '976.0', '3297.0']",1.0
90,"['5624.0', '7345.0', '650.0']","['5624.0', '11577.0', '10794.0']",0.2
91,[],[],0.0
92,"['7687.0', '11429.0', '3432.0']","['7687.0', '621.0', '11429.0']",0.5
93,"['1344.0', '5547.0', '3292.0']","['3292.0', '1344.0', '5547.0']",1.0
94,['8674.0'],[],0.0
95,"['9207.0', '294.0', '6748.0']","['4348.0', '280.0', '6748.0']",0.2
96,"['2414.0', '11216.0', '4045.0']","['4045.0', '54.0', '9493.0']",0.2
97,"['8623.0', '5004.0', '9710.0']","['8623.0', '3837.0', '10417.0']",0.2
98,"['7885.0', '6402.0', '9147.0']","['9147.0', '10941.0', '6840.0']",0.2
99,"['879.0', '8908.0', '10746.0']","['879.0', '8908.0', '19.0']",0.5
100,[],[],0.0
101,"['7875.0', '8143.0', '3440.0']","['7875.0', '8143.0', '4378.0']",0.5
102,"['5639.0', '10880.0', '7675.0']","['10880.0', '3367.0', '7675.0']",0.5
103,['4316.0'],"['9198.0', '6561.0', '1529.0']",0.0
104,['3335.0'],['3335.0'],1.0
105,[],[],0.0
106,['7889.0'],[],0.0
107,"['11482.0', '10561.0', '10723.0']","['11482.0', '4953.0', '10561.0']",0.5
108,[],[],0.0
109,"['133.0', '7667.0', '1794.0']","['7667.0', '9165.0', '3366.0']",0.2
110,"['11115.0', '2668.0', '2893.0']","['2967.0', '2850.0', '6784.0']",0.0
111,"['9731.0', '4894.0', '7779.0']","['10448.0', '1701.0', '1794.0']",0.0
112,"['10655.0', '11384.0', '10649.0']","['7301.0', '7825.0', '10686.0']",0.0
113,"['1384.0', '3409.0']","['2448.0', '936.0', '6964.0']",0.0
114,[],[],0.0
115,"['752.0', '1296.0', '7034.0']","['1296.0', '3861.0', '6729.0']",0.2
116,"['10001.0', '7668.0', '9240.0']","['7668.0', '2596.0', '4455.0']",0.2
117,[],"['7766.0', '6971.0', '5305.0']",0.0
118,[],['3375.0'],0.0
119,[],[],0.0
120,"['8803.0', '5920.0', '10766.0']","['8803.0', '5920.0', '10102.0']",0.5
121,[],[],0.0
122,[],['245.0'],0.0
123,[],[],0.0
124,"['7204.0', '855.0', '1463.0']","['8560.0', '7204.0', '9187.0']",0.2
125,"['11449.0', '7704.0', '6701.0']","['11449.0', '6701.0', '9573.0']",0.5
126,[],"['5532.0', '4452.0']",0.0
127,"['7060.0', '9144.0', '6165.0']","['6196.0', '6165.0', '7060.0']",0.5
128,"['2732.0', '11033.0', '5462.0']","['10572.0', '6448.0', '2732.0']",0.2
129,"['471.0', '11659.0', '7709.0']","['11659.0', '471.0', '5258.0']",0.5
130,"['9830.0', '2304.0', '4961.0']","['2304.0', '11283.0', '9830.0']",0.5
131,"['9275.0', '1368.0', '7305.0']","['3265.0', '7305.0', '9275.0']",0.5
132,"['11198.0', '11133.0']","['11198.0', '8485.0', '4568.0']",0.25
133,"['6377.0', '3820.0', '8791.0']","['6377.0', '8703.0', '3869.0']",0.2
134,"['7591.0', '11399.0', '908.0']","['3296.0', '6313.0', '782.0']",0.0
135,"['874.0', '6076.0', '4022.0']","['821.0', '4181.0', '7901.0']",0.0
136,['10159.0'],"['10159.0', '1669.0', '5506.0']",0.3333333333333333
137,[],['10293.0'],0.0
138,"['2326.0', '9486.0', '3994.0']","['2326.0', '5115.0', '5205.0']",0.2
139,"['8366.0', '7385.0', '10977.0']","['8366.0', '9034.0', '10977.0']",0.5
140,[],[],0.0
141,[],['9906.0'],0.0
142,"['3576.0', '8484.0', '8047.0']","['3576.0', '8484.0', '8047.0']",1.0
143,[],"['5441.0', '7701.0']",0.0
144,"['8525.0', '2972.0']","['8525.0', '8310.0', '10672.0']",0.25
145,"['6449.0', '5337.0']","['6449.0', '11301.0', '8175.0']",0.25
146,[],[],0.0
147,"['10903.0', '6832.0', '4359.0']","['10903.0', '6832.0', '4089.0']",0.5
148,"['2221.0', '10928.0', '4962.0']","['2221.0', '4962.0', '11676.0']",0.5
149,"['4301.0', '9402.0', '7748.0']","['2901.0', '8782.0', '7748.0']",0.2
150,"['1277.0', '6713.0', '116.0']","['11671.0', '450.0', '6713.0']",0.2
151,"['5156.0', '175.0']","['5156.0', '3334.0', '1727.0']",0.25
152,"['10509.0', '2114.0', '6776.0']","['10509.0', '7476.0', '7541.0']",0.2
153,"['7332.0', '1845.0', '5512.0']","['7332.0', '2322.0', '2681.0']",0.2
154,"['4943.0', '97.0', '8634.0']","['4943.0', '9859.0', '3898.0']",0.2
155,"['6483.0', '6420.0', '3686.0']","['6420.0', '6483.0', '2131.0']",0.5
156,[],"['4939.0', '6008.0', '11120.0']",0.0
157,['10825.0'],"['11275.0', '5368.0']",0.0
158,[],"['2555.0', '10586.0', '9341.0']",0.0
159,"['361.0', '9546.0', '1054.0']","['10114.0', '11637.0', '2307.0']",0.0
160,[],[],0.0
161,[],"['3069.0', '3440.0', '9972.0']",0.0
162,"['9970.0', '7209.0', '1144.0']","['1144.0', '3384.0', '9970.0']",0.5
163,"['1868.0', '6390.0', '4622.0']","['7900.0', '9471.0', '1541.0']",0.0
164,"['967.0', '4571.0', '9840.0']","['4571.0', '9840.0', '11642.0']",0.5
165,"['3223.0', '3898.0', '6931.0']","['2875.0', '5653.0', '4170.0']",0.0
166,[],[],0.0
167,"['10251.0', '2713.0', '6049.0']","['10726.0', '6154.0', '6049.0']",0.2
168,[],[],0.0
169,"['11298.0', '4478.0', '2301.0']","['11298.0', '2301.0', '2247.0']",0.5
170,[],"['2346.0', '3494.0', '4976.0']",0.0
171,['4034.0'],"['959.0', '439.0', '6022.0']",0.0
172,"['5798.0', '3212.0', '5877.0']","['5798.0', '83.0', '5877.0']",0.5
173,[],[],0.0
174,"['1480.0', '8281.0', '3611.0']","['7509.0', '8281.0', '5641.0']",0.2
175,"['8222.0', '736.0', '9975.0']","['8222.0', '7993.0', '9077.0']",0.2
176,[],[],0.0
177,[],['7902.0'],0.0
178,[],[],0.0
179,[],[],0.0
180,"['9091.0', '8883.0', '9228.0']","['9357.0', '1504.0', '8883.0']",0.2
181,"['311.0', '5604.0', '5757.0']","['7388.0', '5604.0', '6442.0']",0.2
182,['2385.0'],"['2385.0', '7201.0']",0.5
183,"['8361.0', '9277.0', '5419.0']","['9277.0', '10147.0', '8361.0']",0.5
184,"['9973.0', '9621.0', '1134.0']","['7167.0', '9621.0', '1934.0']",0.2
185,[],[],0.0
186,"['3707.0', '7075.0', '10538.0']","['10538.0', '7077.0', '4163.0']",0.2
187,[],[],0.0
188,[],[],0.0
189,[],"['6694.0', '7051.0', '7103.0']",0.0
190,"['11354.0', '1980.0', '8233.0']","['9509.0', '8577.0', '7680.0']",0.0
191,[],[],0.0
192,"['10217.0', '5788.0', '966.0']","['10217.0', '6351.0', '2630.0']",0.2
193,"['5701.0', '383.0', '7818.0']","['383.0', '5701.0', '10246.0']",0.5
194,"['9468.0', '6882.0']","['6882.0', '6373.0', '1910.0']",0.25
195,"['8378.0', '2733.0']","['8378.0', '2902.0', '6118.0']",0.25
196,"['3934.0', '7851.0', '4263.0']","['11008.0', '7851.0', '3934.0']",0.5
197,"['5422.0', '11671.0', '930.0']","['11274.0', '3417.0', '10872.0']",0.0
198,[],[],0.0
199,[],[],0.0
200,['4849.0'],['4849.0'],1.0
201,"['9827.0', '8697.0', '10186.0']","['2339.0', '9827.0', '8697.0']",0.5
202,"['8724.0', '5625.0', '5506.0']","['8724.0', '8833.0', '8849.0']",0.2
203,"['253.0', '5908.0', '11521.0']","['11521.0', '5908.0', '5211.0']",0.5
204,"['5780.0', '420.0']","['420.0', '7076.0', '10066.0']",0.25
205,['3196.0'],"['4273.0', '1970.0', '510.0']",0.0
206,"['4194.0', '9951.0', '10533.0']","['785.0', '5865.0', '4194.0']",0.2
207,"['11512.0', '6002.0', '4436.0']","['1717.0', '11512.0', '4436.0']",0.5
208,"['2332.0', '10550.0', '4042.0']","['5550.0', '2332.0', '6888.0']",0.2
209,"['3376.0', '687.0', '7847.0']","['687.0', '3412.0', '3376.0']",0.5
210,[],[],0.0
211,"['3969.0', '6738.0']","['3969.0', '3276.0', '6228.0']",0.25
212,"['11577.0', '7312.0', '7012.0']","['7012.0', '9387.0', '865.0']",0.2
213,"['3574.0', '8479.0', '9404.0']","['8479.0', '3574.0', '5849.0']",0.5
214,"['107.0', '4540.0', '6428.0']","['107.0', '4589.0']",0.25
215,"['5787.0', '11643.0', '4732.0']","['7941.0', '4732.0', '8277.0']",0.2
216,[],[],0.0
217,['7762.0'],[],0.0
218,[],['8157.0'],0.0
219,"['1552.0', '5024.0', '8397.0']","['11547.0', '6441.0', '8591.0']",0.0
220,"['10316.0', '1208.0', '6263.0']","['5593.0', '7751.0', '408.0']",0.0
221,"['4249.0', '816.0', '6497.0']","['1375.0', '6497.0', '4249.0']",0.5
222,"['3079.0', '4578.0', '9665.0']","['6089.0', '3079.0', '4578.0']",0.5
223,[],[],0.0
224,"['5263.0', '6123.0', '4388.0']","['9444.0', '5263.0', '4388.0']",0.5
225,"['6036.0', '10987.0', '9952.0']","['1342.0', '2854.0', '2314.0']",0.0
226,[],[],0.0
227,"['4800.0', '3861.0']","['1295.0', '4800.0']",0.3333333333333333
228,"['5723.0', '1721.0', '3309.0']","['5723.0', '9786.0', '1479.0']",0.2
229,"['5620.0', '11652.0', '9922.0']","['5620.0', '11652.0', '9732.0']",0.5
230,"['9501.0', '1524.0', '3150.0']","['6902.0', '9501.0', '6269.0']",0.2
231,"['6612.0', '1163.0', '668.0']","['668.0', '11652.0', '1227.0']",0.2
232,[],[],0.0
233,"['7906.0', '490.0', '2716.0']","['3744.0', '7906.0', '3331.0']",0.2
234,"['5145.0', '9622.0']","['7416.0', '2156.0', '2455.0']",0.0
235,"['8005.0', '9160.0', '2987.0']","['8546.0', '2062.0', '1335.0']",0.0
236,"['9208.0', '544.0', '966.0']","['544.0', '966.0', '4711.0']",0.5
237,"['6934.0', '2350.0']","['6934.0', '3502.0', '2350.0']",0.6666666666666666
238,"['403.0', '4467.0', '8272.0']","['403.0', '5595.0', '7545.0']",0.2
239,"['2874.0', '5014.0', '7393.0']","['5014.0', '9650.0', '2874.0']",0.5
240,"['1601.0', '3840.0', '2964.0']","['1601.0', '3840.0', '3535.0']",0.5
241,"['10965.0', '3438.0', '7237.0']","['7237.0', '8214.0', '10965.0']",0.5
242,"['1102.0', '7247.0', '1203.0']","['1102.0', '6502.0', '9776.0']",0.2
243,"['11590.0', '384.0', '2199.0']","['10023.0', '6042.0', '7282.0']",0.0
244,['3299.0'],"['10556.0', '898.0', '8823.0']",0.0
245,"['3506.0', '6817.0', '832.0']","['832.0', '3506.0', '6817.0']",1.0
246,[],['1875.0'],0.0
247,"['3767.0', '3921.0']","['8393.0', '3921.0', '6294.0']",0.25
248,[],[],0.0
249,"['11190.0', '1434.0', '2715.0']","['11190.0', '2715.0', '8291.0']",0.5
250,"['11505.0', '8048.0', '5533.0']","['8048.0', '1015.0', '9617.0']",0.2
251,['7051.0'],['3008.0'],0.0
252,"['2953.0', '6951.0', '802.0']","['802.0', '6951.0', '11146.0']",0.5
253,[],[],0.0
254,[],[],0.0
255,"['4463.0', '1225.0']","['4463.0', '1225.0']",1.0
256,"['9665.0', '3079.0', '2841.0']","['3079.0', '9665.0', '5056.0']",0.5
257,"['5182.0', '4810.0', '8492.0']","['5182.0', '4031.0', '5071.0']",0.2
258,['1812.0'],"['2331.0', '1466.0', '1812.0']",0.3333333333333333
259,"['7105.0', '367.0', '10604.0']","['6172.0', '5580.0', '10604.0']",0.2
260,"['8835.0', '2339.0', '9827.0']","['2339.0', '9827.0', '8835.0']",1.0
261,[],[],0.0
262,"['2761.0', '10056.0', '10809.0']","['2761.0', '10809.0', '1505.0']",0.5
263,"['9207.0', '2629.0']","['2629.0', '11053.0', '8244.0']",0.25
264,"['807.0', '11297.0', '4657.0']","['807.0', '6038.0', '3955.0']",0.2
265,"['10958.0', '6169.0', '3253.0']","['5737.0', '10958.0', '3399.0']",0.2
266,"['1778.0', '4168.0', '9405.0']","['9405.0', '10603.0', '1778.0']",0.5
267,['4537.0'],"['10728.0', '4100.0', '6706.0']",0.0
268,"['5345.0', '9351.0', '6634.0']","['10465.0', '2803.0', '5608.0']",0.0
269,"['4893.0', '4221.0', '11013.0']","['3439.0', '11013.0', '342.0']",0.2
270,"['9571.0', '6682.0', '7975.0']","['6682.0', '9571.0', '7975.0']",1.0
271,"['7033.0', '671.0']","['7033.0', '671.0', '7585.0']",0.6666666666666666
272,"['8310.0', '2972.0', '9661.0']","['8310.0', '2007.0', '5484.0']",0.2
273,"['10056.0', '10809.0', '8991.0']","['2761.0', '10809.0', '2953.0']",0.2
274,"['1302.0', '3088.0', '8641.0']","['1302.0', '3088.0', '8226.0']",0.5
275,"['10812.0', '1784.0', '1674.0']","['8010.0', '533.0', '9040.0']",0.0
276,['6375.0'],[],0.0
277,"['7084.0', '2450.0', '4585.0']","['1628.0', '10177.0', '1536.0']",0.0
278,"['1749.0', '8009.0', '39.0']","['1017.0', '7466.0', '1749.0']",0.2
279,"['9525.0', '10539.0', '11501.0']","['881.0', '10539.0', '351.0']",0.2
280,"['2825.0', '931.0', '3304.0']","['463.0', '9772.0', '931.0']",0.2
281,"['201.0', '9932.0', '1863.0']","['1863.0', '3889.0', '11589.0']",0.2
282,['11115.0'],"['2850.0', '4368.0', '11614.0']",0.0
283,"['3983.0', '8413.0', '2433.0']","['5329.0', '1414.0', '4585.0']",0.0
284,[],"['32.0', '2247.0', '6134.0']",0.0
285,"['5050.0', '7362.0', '6643.0']","['7362.0', '6643.0', '1473.0']",0.5
286,"['10334.0', '8849.0', '1497.0']","['10334.0', '11307.0', '1497.0']",0.5
287,"['6113.0', '8544.0', '6705.0']","['6113.0', '6705.0', '919.0']",0.5
288,[],[],0.0
289,"['4192.0', '6643.0', '5050.0']","['4192.0', '7362.0', '5050.0']",0.5
290,"['7266.0', '7496.0', '2471.0']","['7496.0', '1270.0', '4331.0']",0.2
291,"['3925.0', '9087.0', '2342.0']","['9087.0', '3925.0', '2342.0']",1.0
292,"['3784.0', '11610.0', '5442.0']","['11610.0', '3784.0', '5442.0']",1.0
293,[],[],0.0
294,[],[],0.0
295,[],"['9866.0', '1509.0', '8857.0']",0.0
296,"['1955.0', '7842.0', '10538.0']","['10538.0', '230.0', '1955.0']",0.5
297,"['5429.0', '7539.0', '3339.0']","['7539.0', '5429.0', '2442.0']",0.5
298,"['3156.0', '4548.0', '6519.0']","['3156.0', '6519.0', '8180.0']",0.5
299,"['8625.0', '6501.0', '8337.0']","['3383.0', '6067.0', '2593.0']",0.0
300,"['8860.0', '6417.0', '2901.0']","['11463.0', '6803.0', '8860.0']",0.2
301,[],[],0.0
302,"['3813.0', '6327.0', '5714.0']","['6327.0', '3813.0', '5714.0']",1.0
303,"['4047.0', '427.0', '7812.0']","['4047.0', '1640.0', '427.0']",0.5
304,"['3980.0', '11432.0', '9685.0']","['9488.0', '5539.0', '2458.0']",0.0
305,"['1448.0', '5826.0', '3456.0']","['1448.0', '5826.0', '5147.0']",0.5
306,"['10038.0', '2158.0']","['8164.0', '2158.0', '6684.0']",0.25
307,[],[],0.0
308,"['10573.0', '3163.0', '6006.0']","['8707.0', '10573.0', '1765.0']",0.2
309,[],"['6362.0', '9052.0', '11363.0']",0.0
310,"['8304.0', '5725.0']",['1379.0'],0.0
311,[],[],0.0
312,[],"['4601.0', '9072.0', '3946.0']",0.0
313,"['2570.0', '7194.0', '8901.0']","['2570.0', '7194.0', '7779.0']",0.5
314,"['10164.0', '3061.0']","['10164.0', '3061.0', '10231.0']",0.6666666666666666
315,"['5930.0', '1921.0']","['1921.0', '5930.0', '10961.0']",0.6666666666666666
316,[],[],0.0
317,[],[],0.0
318,"['2724.0', '7980.0', '6754.0']","['9277.0', '2724.0', '4437.0']",0.2
319,[],"['8133.0', '6.0', '6228.0']",0.0
320,"['9868.0', '1838.0', '5563.0']","['531.0', '218.0', '2718.0']",0.0
321,"['1371.0', '3157.0', '3515.0']","['1371.0', '10732.0', '3515.0']",0.5
322,"['4013.0', '6276.0', '7624.0']","['756.0', '6276.0', '4171.0']",0.2
323,"['6581.0', '9107.0']","['6581.0', '8132.0', '7388.0']",0.25
324,"['4829.0', '6974.0', '9366.0']","['4107.0', '6974.0', '3818.0']",0.2
325,[],[],0.0
326,[],[],0.0
327,"['5579.0', '3517.0', '2310.0']","['3517.0', '5579.0', '9063.0']",0.5
328,"['4056.0', '9671.0', '5237.0']","['4056.0', '933.0', '10049.0']",0.2
329,[],"['6201.0', '2660.0', '10752.0']",0.0
330,"['2663.0', '4287.0', '2843.0']","['2663.0', '4124.0', '3407.0']",0.2
331,"['4529.0', '10340.0']","['4529.0', '10340.0', '5502.0']",0.6666666666666666
332,"['511.0', '5472.0', '1676.0']","['1928.0', '5472.0', '1676.0']",0.5
333,['3109.0'],"['11334.0', '3109.0', '5571.0']",0.3333333333333333
334,"['9010.0', '11582.0', '8611.0']","['9010.0', '11582.0', '5514.0']",0.5
335,[],[],0.0
336,"['5782.0', '6910.0', '11048.0']","['11048.0', '573.0', '5782.0']",0.5
337,[],[],0.0
338,[],[],0.0
339,['2263.0'],['3095.0'],0.0
340,"['8356.0', '932.0', '11008.0']","['2693.0', '6875.0', '6955.0']",0.0
341,"['5413.0', '10022.0', '5647.0']","['5647.0', '3496.0', '5413.0']",0.5
342,"['82.0', '5147.0', '5826.0']","['82.0', '5147.0', '5826.0']",1.0
343,"['4987.0', '3027.0', '5203.0']","['5460.0', '7195.0', '1781.0']",0.0
344,"['9068.0', '8415.0', '6441.0']","['5122.0', '5437.0', '9577.0']",0.0
345,"['4532.0', '5353.0', '11577.0']","['7012.0', '865.0', '5353.0']",0.2
346,[],[],0.0
347,"['188.0', '164.0', '567.0']","['188.0', '164.0', '2223.0']",0.5
348,[],[],0.0
349,['7853.0'],['7853.0'],1.0
350,"['7052.0', '4858.0', '2343.0']","['2343.0', '2668.0', '2893.0']",0.2
351,[],[],0.0
352,"['1667.0', '4010.0', '384.0']","['7186.0', '5296.0', '11073.0']",0.0
353,"['11160.0', '6215.0', '4624.0']","['470.0', '4624.0', '6929.0']",0.2
354,[],[],0.0
355,"['9966.0', '2670.0', '9853.0']","['1185.0', '2670.0', '9853.0']",0.5
356,"['8803.0', '282.0', '1369.0']","['1369.0', '8803.0', '282.0']",1.0
357,"['10527.0', '6424.0']","['10527.0', '6424.0']",1.0
358,"['10809.0', '10056.0', '2761.0']","['2761.0', '2953.0', '10809.0']",0.5
359,[],[],0.0
360,"['3089.0', '9815.0', '5491.0']","['3089.0', '9815.0', '7579.0']",0.5
361,"['5742.0', '10855.0', '10997.0']","['5742.0', '8751.0', '10706.0']",0.2
362,"['1691.0', '10422.0', '3853.0']","['10422.0', '1691.0', '3853.0']",1.0
363,"['9334.0', '10992.0', '2921.0']","['9334.0', '2921.0', '30.0']",0.5
364,"['8202.0', '1667.0', '5296.0']","['7186.0', '5296.0', '4010.0']",0.2
365,"['10083.0', '538.0', '11231.0']","['10083.0', '10166.0', '5803.0']",0.2
366,"['9948.0', '11460.0', '1020.0']","['9948.0', '1020.0', '3615.0']",0.5
367,"['7113.0', '2571.0', '8566.0']","['10772.0', '7113.0', '1265.0']",0.2
368,[],"['6273.0', '3106.0', '10000.0']",0.0
369,['4183.0'],"['906.0', '7076.0', '3836.0']",0.0
370,"['1863.0', '201.0', '9932.0']","['3889.0', '9932.0', '2857.0']",0.2
371,"['3317.0', '2860.0', '1698.0']","['5840.0', '5979.0', '6816.0']",0.0
372,"['6010.0', '9394.0', '8595.0']","['6228.0', '2151.0', '8581.0']",0.0
373,[],[],0.0
374,[],[],0.0
375,"['11442.0', '6733.0', '1903.0']","['11442.0', '1180.0', '2879.0']",0.2
376,"['6153.0', '9965.0', '1765.0']","['10871.0', '1021.0', '4499.0']",0.0
377,"['1609.0', '7385.0', '3929.0']","['6408.0', '10145.0', '3929.0']",0.2
378,[],[],0.0
379,"['7648.0', '7486.0', '11423.0']","['7207.0', '1607.0', '11355.0']",0.0
380,"['10306.0', '7012.0', '11577.0']","['5550.0', '1471.0', '2052.0']",0.0
381,"['5244.0', '912.0', '8239.0']","['912.0', '4200.0', '6122.0']",0.2
382,"['7577.0', '5168.0']","['7577.0', '5817.0', '5168.0']",0.6666666666666666
383,"['6491.0', '272.0', '6374.0']","['6491.0', '272.0', '245.0']",0.5
384,"['8736.0', '8557.0', '6058.0']","['3268.0', '8736.0', '6763.0']",0.2
385,"['1006.0', '1480.0']","['11662.0', '3650.0', '8281.0']",0.0
386,"['4509.0', '10140.0']","['1240.0', '10140.0', '4509.0']",0.6666666666666666
387,['1251.0'],['1251.0'],1.0
388,"['10244.0', '2017.0', '1959.0']","['1959.0', '10244.0', '2017.0']",1.0
389,[],[],0.0
390,[],['10576.0'],0.0
391,"['3329.0', '32.0', '6384.0']","['6144.0', '4478.0', '11142.0']",0.0
392,"['8665.0', '849.0']",[],0.0
393,[],[],0.0
394,"['3521.0', '6834.0']","['3521.0', '6834.0', '4355.0']",0.6666666666666666
395,['6786.0'],"['6061.0', '6786.0']",0.5
396,"['11270.0', '9433.0', '7872.0']","['11270.0', '2381.0', '9433.0']",0.5
397,"['8508.0', '19.0', '10746.0']","['19.0', '1376.0', '879.0']",0.2
398,"['2108.0', '9198.0', '4316.0']","['2108.0', '9198.0', '4958.0']",0.5
399,"['5479.0', '9505.0', '10632.0']","['6185.0', '1233.0', '7362.0']",0.0
400,"['5902.0', '9477.0', '6512.0']","['6512.0', '5902.0', '7509.0']",0.5
401,"['3724.0', '3207.0', '9905.0']","['8376.0', '9905.0', '3251.0']",0.2
402,"['5428.0', '2229.0', '10538.0']","['230.0', '10538.0', '7077.0']",0.2
403,"['667.0', '10498.0', '8809.0']","['667.0', '8809.0', '8096.0']",0.5
404,"['10374.0', '8760.0', '2648.0']","['10374.0', '3268.0', '7765.0']",0.2
405,"['11633.0', '6601.0', '5528.0']",['11633.0'],0.3333333333333333
406,[],['8136.0'],0.0
407,"['8157.0', '7806.0']","['520.0', '5867.0', '9904.0']",0.0
408,[],[],0.0
409,"['4508.0', '101.0']","['4508.0', '101.0', '2222.0']",0.6666666666666666
410,"['4077.0', '8474.0', '11402.0']","['7882.0', '8474.0', '4077.0']",0.5
411,"['5782.0', '6910.0', '11048.0']","['11048.0', '5782.0', '10646.0']",0.5
412,"['5679.0', '816.0', '5309.0']","['816.0', '5161.0', '5309.0']",0.5
413,[],"['11543.0', '11205.0', '9650.0']",0.0
414,"['10491.0', '3742.0']","['10491.0', '2254.0', '11320.0']",0.25
415,"['9070.0', '7712.0', '4084.0']","['1534.0', '11297.0', '7712.0']",0.2
416,"['8840.0', '9351.0', '3850.0']","['181.0', '9351.0', '6983.0']",0.2
417,"['6208.0', '6560.0', '5866.0']","['7593.0', '6560.0', '6736.0']",0.2
418,"['11522.0', '2963.0', '9592.0']",['2963.0'],0.3333333333333333
419,"['7295.0', '1123.0', '7900.0']","['1123.0', '3550.0', '9471.0']",0.2
420,"['3551.0', '8581.0', '6303.0']","['8581.0', '6303.0', '4995.0']",0.5
421,"['2316.0', '3025.0', '4302.0']","['7037.0', '4302.0', '6341.0']",0.2
422,"['7271.0', '845.0']","['845.0', '7271.0']",1.0
423,"['3446.0', '2552.0', '5743.0']","['1749.0', '3446.0', '10112.0']",0.2
424,[],[],0.0
425,"['2451.0', '5295.0', '9663.0']","['9164.0', '2970.0', '3162.0']",0.0
426,"['11052.0', '9775.0', '9529.0']","['11052.0', '1626.0', '1613.0']",0.2
427,"['6748.0', '5601.0', '5206.0']","['6748.0', '9057.0', '6308.0']",0.2
428,"['10797.0', '5389.0', '7244.0']","['2766.0', '9550.0', '5793.0']",0.0
429,"['3140.0', '3382.0', '10183.0']","['3140.0', '3382.0', '9274.0']",0.5
430,"['9950.0', '217.0', '5720.0']","['217.0', '10808.0', '5720.0']",0.5
431,[],[],0.0
432,"['10986.0', '7917.0', '1052.0']","['2341.0', '8116.0', '695.0']",0.0
433,"['10247.0', '3360.0', '1130.0']","['227.0', '2299.0', '6474.0']",0.0
434,[],[],0.0
435,[],"['9275.0', '666.0']",0.0
436,"['11169.0', '9516.0', '7611.0']","['7611.0', '9516.0', '9990.0']",0.5
437,"['4050.0', '343.0', '8465.0']","['4050.0', '9202.0', '5232.0']",0.2
438,"['6977.0', '1963.0', '5463.0']","['1963.0', '6977.0', '5463.0']",1.0
439,['296.0'],"['3769.0', '7566.0', '2701.0']",0.0
440,"['5755.0', '7348.0', '1576.0']","['5481.0', '679.0', '1503.0']",0.0
441,"['183.0', '2603.0']","['183.0', '6362.0', '2970.0']",0.25
442,"['10056.0', '10809.0', '2761.0']","['2761.0', '2652.0', '1505.0']",0.2
443,"['9900.0', '8604.0', '10559.0']","['4273.0', '10559.0', '8604.0']",0.5
444,"['9493.0', '9602.0']","['3158.0', '9602.0', '4045.0']",0.25
445,"['4015.0', '3024.0', '8982.0']","['8982.0', '4913.0', '656.0']",0.2
446,['532.0'],"['9000.0', '7031.0', '532.0']",0.3333333333333333
447,"['5588.0', '10665.0', '925.0']","['5808.0', '5588.0', '10645.0']",0.2
448,['3264.0'],"['3264.0', '6281.0', '2304.0']",0.3333333333333333
449,"['6954.0', '9201.0', '674.0']","['9201.0', '6954.0', '8360.0']",0.5
450,['1757.0'],"['7470.0', '6119.0', '5366.0']",0.0
451,"['1944.0', '4467.0', '1906.0']","['1906.0', '403.0', '8099.0']",0.2
452,"['11174.0', '2546.0', '4508.0']","['2546.0', '4907.0', '11174.0']",0.5
453,"['9580.0', '10307.0', '9765.0']","['1085.0', '8665.0', '3344.0']",0.0
454,[],[],0.0
455,[],['9492.0'],0.0
456,"['7585.0', '5295.0', '9663.0']","['5295.0', '6846.0', '9663.0']",0.5
457,"['9921.0', '308.0', '7584.0']","['11637.0', '5413.0', '5164.0']",0.0
458,"['8250.0', '11678.0', '370.0']","['1337.0', '6663.0', '10641.0']",0.0
459,"['7668.0', '10001.0', '2596.0']","['2596.0', '4455.0', '7668.0']",0.5
460,[],[],0.0
461,"['10360.0', '1140.0']","['6129.0', '1140.0', '10360.0']",0.6666666666666666
462,"['2833.0', '9680.0', '7507.0']","['2629.0', '2833.0', '10636.0']",0.2
463,"['5196.0', '2279.0', '5039.0']","['2279.0', '7441.0', '6201.0']",0.2
464,[],[],0.0
465,['5663.0'],"['5663.0', '5377.0']",0.5
466,"['6850.0', '9061.0', '945.0']","['8427.0', '2709.0', '6641.0']",0.0
467,"['198.0', '7787.0', '7450.0']","['7787.0', '10175.0', '4108.0']",0.2
468,[],[],0.0
469,"['1745.0', '934.0', '3469.0']","['7768.0', '1402.0', '3469.0']",0.2
470,[],"['1453.0', '11503.0']",0.0
471,"['6868.0', '4579.0']","['6868.0', '4273.0', '9987.0']",0.25
472,"['1406.0', '8875.0', '4208.0']","['11093.0', '7691.0', '5270.0']",0.0
473,"['942.0', '11674.0', '6813.0']","['9974.0', '11674.0', '7261.0']",0.2
474,"['5434.0', '5828.0', '9807.0']","['294.0', '10992.0', '11053.0']",0.0
475,"['452.0', '11671.0', '511.0']","['4032.0', '1928.0', '2330.0']",0.0
476,"['7564.0', '7286.0', '5921.0']","['7564.0', '9753.0', '7857.0']",0.2
477,"['2711.0', '7673.0', '1284.0']","['6986.0', '9962.0', '9354.0']",0.0
478,"['3015.0', '1727.0', '4040.0']","['10885.0', '3015.0', '4040.0']",0.5
479,"['4426.0', '10428.0', '8795.0']","['7094.0', '4426.0', '8795.0']",0.5
480,"['9845.0', '6544.0', '7122.0']","['6544.0', '7122.0', '9845.0']",1.0
481,[],[],0.0
482,['8166.0'],['8166.0'],1.0
483,['2625.0'],"['2342.0', '10406.0', '10986.0']",0.0
484,"['752.0', '8454.0', '4664.0']","['7166.0', '752.0', '3861.0']",0.2
485,"['10992.0', '30.0', '5828.0']","['2921.0', '30.0', '9334.0']",0.2
486,['4583.0'],"['4583.0', '10143.0', '7710.0']",0.3333333333333333
487,"['10677.0', '3157.0', '3515.0']","['10677.0', '10732.0', '3515.0']",0.5
488,"['5156.0', '175.0', '9949.0']","['5156.0', '5318.0', '7587.0']",0.2
489,"['11500.0', '8739.0', '4473.0']","['11500.0', '8827.0', '8739.0']",0.5
490,"['9122.0', '1854.0']","['9122.0', '1854.0', '1067.0']",0.6666666666666666
491,[],[],0.0
492,"['9843.0', '7662.0']","['9843.0', '7662.0', '6937.0']",0.6666666666666666
493,"['5640.0', '6675.0', '4323.0']","['6675.0', '8769.0', '6654.0']",0.2
494,"['610.0', '11297.0']","['610.0', '6192.0', '807.0']",0.25
495,['1930.0'],"['7043.0', '4413.0', '1930.0']",0.3333333333333333
496,"['3743.0', '4998.0', '8555.0']","['4998.0', '1774.0', '10469.0']",0.2
497,"['9744.0', '6672.0', '5402.0']","['7218.0', '2098.0', '1544.0']",0.0
498,"['4223.0', '5107.0', '2211.0']","['4223.0', '6272.0', '9439.0']",0.2
499,"['9981.0', '9317.0', '8153.0']","['9981.0', '3613.0', '6956.0']",0.2
500,"['8540.0', '2066.0', '4322.0']","['2237.0', '2289.0', '6270.0']",0.0
501,[],[],0.0
502,"['4009.0', '4563.0', '3723.0']","['1979.0', '9963.0', '5956.0']",0.0
503,['5840.0'],"['5840.0', '11536.0', '5979.0']",0.3333333333333333
504,['9241.0'],"['5604.0', '1953.0', '7260.0']",0.0
505,[],['4715.0'],0.0
506,"['10631.0', '4336.0', '1158.0']","['4336.0', '7462.0', '8573.0']",0.2
507,"['4063.0', '5346.0', '6763.0']","['5346.0', '60.0', '7098.0']",0.2
508,"['3813.0', '6327.0', '3974.0']","['3813.0', '3974.0', '7185.0']",0.5
509,"['10281.0', '3828.0', '5891.0']","['1962.0', '10281.0', '8168.0']",0.2
510,"['4755.0', '10949.0', '6605.0']","['10949.0', '4404.0', '253.0']",0.2
511,"['5160.0', '5299.0', '3028.0']","['5160.0', '8344.0', '5898.0']",0.2
512,"['9121.0', '6208.0', '5330.0']","['5330.0', '2968.0', '9121.0']",0.5
513,[],[],0.0
514,[],['724.0'],0.0
515,"['10459.0', '1865.0', '2545.0']","['10459.0', '2545.0', '5742.0']",0.5
516,"['4859.0', '9809.0', '5887.0']","['5887.0', '9809.0', '4859.0']",1.0
517,"['10128.0', '11451.0', '9902.0']","['11451.0', '10128.0', '9490.0']",0.5
518,"['3498.0', '8245.0', '8638.0']","['6711.0', '3424.0', '8638.0']",0.2
519,[],[],0.0
520,"['868.0', '1072.0', '9132.0']","['868.0', '6638.0', '1072.0']",0.5
521,"['2152.0', '3974.0', '10121.0']","['2152.0', '10659.0', '5714.0']",0.2
522,[],[],0.0
523,"['9572.0', '6339.0', '4675.0']","['4675.0', '6339.0', '9572.0']",1.0
524,"['1879.0', '111.0', '2857.0']","['1879.0', '11448.0', '5918.0']",0.2
525,['359.0'],"['1895.0', '359.0']",0.5
526,"['2595.0', '1278.0']","['2595.0', '1278.0', '7797.0']",0.6666666666666666
527,[],[],0.0
528,"['11383.0', '6622.0', '8052.0']","['11383.0', '1321.0', '6622.0']",0.5
529,[],"['5808.0', '10645.0']",0.0
530,"['2998.0', '1277.0', '4770.0']","['7126.0', '9390.0', '3145.0']",0.0
531,[],['3615.0'],0.0
532,[],"['10659.0', '2152.0', '5714.0']",0.0
533,"['5671.0', '4296.0', '5395.0']","['5671.0', '5395.0', '4296.0']",1.0
534,"['1748.0', '5086.0', '8470.0']","['1748.0', '5086.0', '11471.0']",0.5
535,"['811.0', '9254.0', '701.0']","['701.0', '68.0', '11532.0']",0.2
536,"['2710.0', '2775.0', '3744.0']",['2775.0'],0.3333333333333333
537,"['7906.0', '2716.0', '490.0']","['7906.0', '3744.0', '6186.0']",0.2
538,[],"['7933.0', '1811.0', '10444.0']",0.0
539,"['11479.0', '3864.0', '361.0']","['3274.0', '6987.0', '11637.0']",0.0
540,['1194.0'],[],0.0
541,"['10101.0', '6234.0', '1275.0']","['10101.0', '6234.0', '1275.0']",1.0
542,"['11076.0', '2840.0', '1203.0']","['11076.0', '9776.0', '4637.0']",0.2
543,[],[],0.0
544,"['11587.0', '11111.0', '3345.0']","['11587.0', '3345.0', '8034.0']",0.5
545,"['9874.0', '8675.0', '9889.0']","['9874.0', '8926.0', '3167.0']",0.2
546,"['1911.0', '6515.0', '7544.0']","['6515.0', '1911.0', '10345.0']",0.5
547,"['11639.0', '5980.0', '3785.0']","['5980.0', '11639.0', '6143.0']",0.5
548,"['10428.0', '8795.0', '4426.0']","['8795.0', '2039.0', '10428.0']",0.5
549,"['10236.0', '4639.0', '8762.0']","['4639.0', '1884.0', '10236.0']",0.5
550,"['3974.0', '6327.0', '10385.0']","['2152.0', '5714.0', '6327.0']",0.2
551,"['5027.0', '968.0', '901.0']","['9240.0', '6886.0', '2862.0']",0.0
552,[],[],0.0
553,[],"['9563.0', '4454.0', '9298.0']",0.0
554,"['10274.0', '10124.0', '7609.0']","['10274.0', '10568.0', '6233.0']",0.2
555,"['6211.0', '11160.0', '8829.0']","['4624.0', '8829.0', '5404.0']",0.2
556,"['1798.0', '457.0']","['457.0', '10396.0', '1798.0']",0.6666666666666666
557,"['3409.0', '8049.0', '1384.0']","['4562.0', '3409.0', '8049.0']",0.5
558,"['7782.0', '6172.0', '367.0']","['7782.0', '6172.0', '7827.0']",0.5
559,"['11166.0', '1016.0', '3934.0']","['1016.0', '3934.0', '7485.0']",0.5
560,[],[],0.0
561,"['3998.0', '2120.0', '9590.0']","['3286.0', '70.0', '6809.0']",0.0
562,['8818.0'],['8990.0'],0.0
563,"['1838.0', '4508.0']","['1799.0', '1838.0', '4481.0']",0.25
564,"['10678.0', '6932.0', '6888.0']","['10678.0', '7062.0', '8028.0']",0.2
565,"['6019.0', '3957.0', '7812.0']","['3957.0', '6019.0', '6891.0']",0.5
566,"['3090.0', '6629.0', '2554.0']","['6830.0', '9339.0', '3090.0']",0.2
567,"['1833.0', '3094.0', '11231.0']","['3772.0', '324.0', '10083.0']",0.0
568,"['11048.0', '3223.0', '7597.0']","['7597.0', '465.0', '3898.0']",0.2
569,"['1538.0', '4657.0', '344.0']","['7031.0', '9000.0', '1538.0']",0.2
570,"['6215.0', '11160.0', '11560.0']","['4624.0', '470.0', '4737.0']",0.0
571,['7219.0'],['7219.0'],1.0
572,"['11271.0', '1879.0', '111.0']","['11448.0', '1879.0', '3599.0']",0.2
573,"['1040.0', '5563.0', '11649.0']","['523.0', '8045.0', '5563.0']",0.2
574,"['2120.0', '9348.0', '73.0']","['8852.0', '224.0', '73.0']",0.2
575,"['3817.0', '10654.0', '8388.0']","['10654.0', '10508.0', '665.0']",0.2
576,[],[],0.0
577,"['5068.0', '8205.0', '6370.0']","['11343.0', '4936.0', '5181.0']",0.0
578,"['10764.0', '6219.0', '5203.0']","['8569.0', '3949.0', '3916.0']",0.0
579,"['10110.0', '5797.0', '6063.0']","['5797.0', '10110.0', '11369.0']",0.5
580,[],[],0.0
581,"['6118.0', '9549.0', '10750.0']","['2174.0', '474.0', '3227.0']",0.0
582,[],"['7616.0', '473.0']",0.0
583,[],"['2275.0', '1989.0', '5598.0']",0.0
584,['6564.0'],"['6564.0', '4446.0', '3517.0']",0.3333333333333333
585,"['2983.0', '3792.0']",['1742.0'],0.0
586,"['8230.0', '10931.0', '11632.0']","['1719.0', '9882.0', '2343.0']",0.0
587,"['6684.0', '1133.0']","['46.0', '4597.0']",0.0
588,[],[],0.0
589,"['4467.0', '8687.0', '403.0']","['403.0', '5595.0', '7852.0']",0.2
590,"['9385.0', '8377.0', '2530.0']","['5625.0', '2407.0', '8377.0']",0.2
591,"['9718.0', '5798.0', '5390.0']","['5798.0', '5877.0', '83.0']",0.2
592,[],[],0.0
593,"['11400.0', '1939.0', '2686.0']","['2686.0', '11400.0', '11236.0']",0.5
594,"['7458.0', '5109.0', '5847.0']","['7458.0', '2243.0', '2772.0']",0.2
595,[],"['8437.0', '3164.0', '8179.0']",0.0
596,[],[],0.0
597,"['8733.0', '608.0', '9878.0']","['2734.0', '8733.0', '7126.0']",0.2
598,"['10369.0', '6234.0', '10101.0']","['5868.0', '6234.0', '10101.0']",0.5
599,"['1685.0', '2122.0', '8936.0']","['1685.0', '2122.0', '8936.0']",1.0
600,"['9387.0', '3476.0', '11577.0']","['9387.0', '2858.0', '7012.0']",0.2
601,[],[],0.0
602,"['10154.0', '11395.0', '6936.0']","['5345.0', '11395.0', '1960.0']",0.2
603,"['1217.0', '2066.0', '4322.0']","['8540.0', '8623.0', '10417.0']",0.0
604,['8206.0'],"['7005.0', '8206.0']",0.5
605,[],[],0.0
606,['6601.0'],[],0.0
607,[],[],0.0
608,"['11434.0', '5594.0', '3537.0']","['8642.0', '11242.0', '6636.0']",0.0
609,"['7404.0', '6439.0']","['6439.0', '7404.0', '7059.0']",0.6666666666666666
610,"['356.0', '11112.0']",[],0.0
611,"['2569.0', '10172.0', '10080.0']","['4162.0', '2109.0', '10172.0']",0.2
612,"['1646.0', '1082.0', '6820.0']","['499.0', '2981.0', '6820.0']",0.2
613,"['4146.0', '2508.0', '10463.0']","['4146.0', '10463.0', '6241.0']",0.5
614,[],[],0.0
615,[],[],0.0
616,"['8784.0', '9822.0', '8284.0']","['1995.0', '8169.0', '8979.0']",0.0
617,"['11107.0', '1344.0', '1860.0']","['11205.0', '9540.0', '8973.0']",0.0
618,"['6182.0', '6679.0', '8525.0']","['6182.0', '6679.0', '4800.0']",0.5
619,[],[],0.0
620,[],[],0.0
621,"['9458.0', '4753.0', '8482.0']","['6967.0', '7170.0', '1641.0']",0.0
622,['11123.0'],"['2505.0', '1398.0']",0.0
623,"['6393.0', '10611.0', '325.0']","['6393.0', '10757.0', '11017.0']",0.2
624,[],"['5051.0', '11389.0']",0.0
625,[],[],0.0
626,[],[],0.0
627,"['1985.0', '11551.0', '10.0']","['10555.0', '11459.0', '1985.0']",0.2
628,['3277.0'],"['3277.0', '5012.0']",0.5
629,"['5414.0', '2384.0', '6600.0']","['2384.0', '4642.0', '1511.0']",0.2
630,"['7370.0', '2459.0']","['2459.0', '7370.0', '10987.0']",0.6666666666666666
631,[],[],0.0
632,[],[],0.0
633,['8619.0'],['6620.0'],0.0
634,['429.0'],"['2980.0', '429.0']",0.5
635,"['9553.0', '812.0']","['9553.0', '812.0', '1054.0']",0.6666666666666666
636,"['3827.0', '1815.0', '11654.0']","['5348.0', '3255.0']",0.0
637,"['5112.0', '10973.0', '4264.0']","['4264.0', '10973.0', '6619.0']",0.5
638,"['8286.0', '7026.0', '2119.0']","['7026.0', '3151.0', '10626.0']",0.2
639,"['2652.0', '200.0', '7939.0']","['7642.0', '7437.0', '1699.0']",0.0
640,"['2470.0', '5294.0', '2851.0']","['800.0', '9699.0', '3280.0']",0.0
641,['9024.0'],['9024.0'],1.0
642,['9501.0'],"['9501.0', '5752.0']",0.5
643,"['361.0', '11479.0', '1054.0']","['11479.0', '10114.0', '6987.0']",0.2
644,"['2587.0', '3040.0']","['1963.0', '5225.0', '2345.0']",0.0
645,[],[],0.0
646,"['6089.0', '5756.0', '4476.0']","['6089.0', '8554.0', '431.0']",0.2
647,"['7397.0', '2263.0']","['7397.0', '2263.0']",1.0
648,"['9445.0', '3370.0', '5900.0']","['2029.0', '1473.0', '9445.0']",0.2
649,"['9213.0', '8412.0', '9385.0']","['5444.0', '5506.0', '5358.0']",0.0
650,"['9260.0', '340.0', '9637.0']","['9637.0', '340.0', '9260.0']",1.0
651,"['8648.0', '9752.0', '5206.0']","['10746.0', '11360.0', '3017.0']",0.0
652,"['9068.0', '6441.0', '5122.0']","['5122.0', '5437.0', '9577.0']",0.2
653,[],[],0.0
654,"['6227.0', '2842.0', '11128.0']","['9255.0', '11128.0', '3225.0']",0.2
655,"['4995.0', '10645.0', '5588.0']","['6303.0', '10645.0', '2151.0']",0.2
656,"['11671.0', '4032.0', '1928.0']","['7982.0', '9416.0', '1928.0']",0.2
657,"['9938.0', '5944.0', '9013.0']","['9013.0', '9938.0', '9133.0']",0.5
658,"['7738.0', '8796.0', '2964.0']","['4441.0', '1601.0', '3840.0']",0.0
659,"['8503.0', '3731.0', '3890.0']","['48.0', '4804.0', '8503.0']",0.2
660,"['6282.0', '2367.0', '182.0']","['2367.0', '5506.0', '9385.0']",0.2
661,"['2024.0', '5466.0', '1285.0']","['5466.0', '2024.0', '9824.0']",0.5
662,"['8465.0', '2045.0', '343.0']","['9202.0', '4050.0', '8465.0']",0.2
663,[],[],0.0
664,"['4309.0', '6870.0', '4483.0']","['4483.0', '30.0', '509.0']",0.2
665,"['7389.0', '8215.0']","['7521.0', '10119.0', '8215.0']",0.25
666,[],"['8952.0', '10833.0', '2529.0']",0.0
667,[],['3308.0'],0.0
668,"['5003.0', '11637.0', '6598.0']","['3274.0', '11637.0', '9851.0']",0.2
669,['2340.0'],"['2340.0', '9751.0', '27.0']",0.3333333333333333
670,[],"['11496.0', '6373.0', '5841.0']",0.0
671,"['6941.0', '7353.0', '10061.0']","['10061.0', '6941.0', '7353.0']",1.0
672,"['5327.0', '5464.0', '5627.0']","['5464.0', '5327.0', '1236.0']",0.5
673,[],"['2364.0', '8644.0']",0.0
674,"['3915.0', '920.0', '7537.0']","['6705.0', '4143.0', '3915.0']",0.2
675,"['5394.0', '5702.0', '9488.0']","['5394.0', '10398.0', '5702.0']",0.5
676,"['2531.0', '6969.0', '56.0']","['5112.0', '4471.0', '3184.0']",0.0
677,"['3935.0', '5372.0', '3547.0']","['5372.0', '3935.0', '7649.0']",0.5
678,['8666.0'],"['8666.0', '4396.0', '9742.0']",0.3333333333333333
679,[],[],0.0
680,"['9093.0', '7494.0', '6866.0']","['9093.0', '8260.0', '317.0']",0.2
681,[],[],0.0
682,"['470.0', '11160.0', '11560.0']","['470.0', '5803.0', '1173.0']",0.2
683,"['5393.0', '2883.0', '5849.0']","['2883.0', '1419.0', '7290.0']",0.2
684,"['55.0', '856.0', '2994.0']","['10808.0', '217.0', '2994.0']",0.2
685,[],[],0.0
686,[],[],0.0
687,"['1093.0', '2981.0', '8466.0']","['7327.0', '6100.0', '2018.0']",0.0
688,"['11099.0', '3266.0', '8059.0']","['10339.0', '4015.0', '6828.0']",0.0
689,"['2749.0', '5317.0', '8596.0']","['8596.0', '796.0', '5569.0']",0.2
690,[],[],0.0
691,"['8525.0', '4964.0', '8075.0']","['4084.0', '4896.0', '4964.0']",0.2
692,"['6376.0', '5806.0', '3895.0']","['6376.0', '11372.0']",0.25
693,"['6899.0', '6150.0', '158.0']","['2648.0', '9536.0', '6899.0']",0.2
694,"['1037.0', '4375.0', '8647.0']","['5482.0', '1037.0', '4375.0']",0.5
695,['9806.0'],"['9806.0', '2469.0']",0.5
696,"['7155.0', '6395.0', '5172.0']","['7155.0', '5172.0', '3345.0']",0.5
697,[],[],0.0
698,['8726.0'],['8726.0'],1.0
699,['2538.0'],"['2538.0', '10040.0', '5511.0']",0.3333333333333333
700,['5302.0'],"['5302.0', '6486.0', '5730.0']",0.3333333333333333
701,"['6933.0', '3247.0', '9953.0']","['6933.0', '7696.0', '5319.0']",0.2
702,"['4278.0', '11061.0', '10893.0']","['10893.0', '10452.0', '4278.0']",0.5
703,"['10107.0', '8363.0', '9819.0']","['11574.0', '7454.0', '4909.0']",0.0
704,"['2795.0', '3370.0', '40.0']","['2795.0', '6392.0', '5442.0']",0.2
705,"['8632.0', '3540.0', '4986.0']","['3355.0', '2839.0', '4986.0']",0.2
706,"['2429.0', '8060.0', '6032.0']","['6032.0', '8060.0', '5800.0']",0.5
707,"['7439.0', '11237.0', '9922.0']","['11237.0', '9922.0', '3148.0']",0.5
708,"['10954.0', '6481.0', '10782.0']","['8396.0', '10782.0', '2816.0']",0.2
709,"['6402.0', '7885.0', '6840.0']","['11042.0', '6840.0', '7885.0']",0.5
710,"['8119.0', '2388.0', '4477.0']","['8119.0', '3027.0', '4477.0']",0.5
711,"['320.0', '10066.0', '5549.0']","['10066.0', '320.0', '10237.0']",0.5
712,"['7478.0', '4752.0', '2818.0']","['7478.0', '6249.0', '4752.0']",0.5
713,"['1433.0', '6958.0', '11459.0']","['11459.0', '2270.0', '6958.0']",0.5
714,"['11131.0', '4439.0', '9401.0']","['9401.0', '9678.0', '316.0']",0.2
715,"['4913.0', '3024.0', '3711.0']","['3711.0', '1831.0', '11099.0']",0.2
716,"['10653.0', '5659.0', '3012.0']","['5659.0', '10653.0', '9646.0']",0.5
717,"['5183.0', '11491.0', '2897.0']","['5183.0', '4219.0', '2679.0']",0.2
718,[],[],0.0
719,[],[],0.0
720,"['1643.0', '11563.0', '11274.0']","['1643.0', '11563.0', '8317.0']",0.5
721,['2055.0'],['4380.0'],0.0
722,"['3861.0', '4800.0']","['4800.0', '1295.0']",0.3333333333333333
723,"['1097.0', '9810.0']",['1097.0'],0.5
724,"['877.0', '1886.0', '4268.0']","['1886.0', '4268.0', '3008.0']",0.5
725,"['5137.0', '2381.0']","['2381.0', '7193.0', '10946.0']",0.25
726,"['10094.0', '13.0', '650.0']","['13.0', '10094.0', '7308.0']",0.5
727,[],[],0.0
728,"['3206.0', '4679.0', '10102.0']","['3206.0', '10041.0', '10102.0']",0.5
729,['8914.0'],['8914.0'],1.0
730,['8440.0'],['8440.0'],1.0
731,"['8454.0', '752.0', '1039.0']","['7166.0', '752.0', '9082.0']",0.2
732,"['9230.0', '8388.0', '7767.0']","['7767.0', '9230.0', '4871.0']",0.5
733,"['2206.0', '11421.0', '8554.0']","['2206.0', '8554.0', '7375.0']",0.5
734,[],[],0.0
735,"['6826.0', '4698.0', '77.0']","['2466.0', '6826.0', '6057.0']",0.2
736,"['1272.0', '8268.0', '10996.0']","['1272.0', '8268.0', '10996.0']",1.0
737,['10162.0'],['10162.0'],1.0
738,"['6079.0', '5677.0', '371.0']","['10522.0', '371.0', '5285.0']",0.2
739,"['3096.0', '920.0', '7537.0']","['9103.0', '6705.0', '2945.0']",0.0
740,"['11470.0', '7619.0', '2513.0']","['5111.0', '5710.0', '7881.0']",0.0
741,"['8520.0', '4416.0', '6784.0']","['7815.0', '6784.0', '7372.0']",0.2
742,[],[],0.0
743,"['7033.0', '671.0', '2237.0']","['671.0', '7033.0', '8782.0']",0.5
744,"['8503.0', '3731.0', '1783.0']","['10194.0', '10155.0', '1783.0']",0.2
745,"['5800.0', '1680.0', '3553.0']","['5800.0', '1680.0', '6032.0']",0.5
746,"['2945.0', '7567.0', '1100.0']","['7024.0', '3069.0', '1100.0']",0.2
747,[],[],0.0
748,"['2716.0', '6186.0', '490.0']","['2716.0', '3744.0', '6186.0']",0.5
749,"['7745.0', '6529.0', '7518.0']","['11543.0', '5182.0', '8164.0']",0.0
750,[],[],0.0
751,['3987.0'],['3987.0'],1.0
752,"['8024.0', '3625.0', '3985.0']","['8024.0', '1169.0', '3985.0']",0.5
753,"['1982.0', '9586.0', '5791.0']","['9586.0', '10923.0', '9461.0']",0.2
754,[],['658.0'],0.0
755,['522.0'],"['522.0', '7829.0', '9775.0']",0.3333333333333333
756,[],[],0.0
757,"['4254.0', '7438.0', '8528.0']","['3260.0', '8180.0', '2651.0']",0.0
758,[],[],0.0
759,"['4656.0', '2149.0', '10930.0']","['10930.0', '4656.0', '2149.0']",1.0
760,"['10985.0', '7637.0']","['10985.0', '9967.0']",0.3333333333333333
761,"['4309.0', '8648.0', '6870.0']","['4309.0', '4402.0', '4423.0']",0.2
762,[],"['4987.0', '8119.0', '4599.0']",0.0
763,"['517.0', '10062.0', '9048.0']","['1222.0', '7135.0', '1950.0']",0.0
764,[],"['630.0', '6066.0']",0.0
765,"['6711.0', '951.0']","['8638.0', '761.0', '9809.0']",0.0
766,[],[],0.0
767,"['893.0', '1071.0', '10410.0']","['1071.0', '7880.0', '893.0']",0.5
768,[],[],0.0
769,"['1802.0', '5286.0', '3447.0']","['823.0', '1802.0', '3447.0']",0.5
770,"['7041.0', '4610.0']","['7041.0', '7080.0']",0.3333333333333333
771,"['162.0', '7594.0', '647.0']","['162.0', '647.0', '3398.0']",0.5
772,"['3348.0', '9463.0', '4005.0']","['9463.0', '7317.0', '3348.0']",0.5
773,"['8549.0', '176.0', '8033.0']","['2647.0', '8549.0', '5173.0']",0.2
774,"['1728.0', '9998.0']","['1728.0', '9998.0', '4577.0']",0.6666666666666666
775,[],[],0.0
776,"['4698.0', '2466.0', '3014.0']","['10034.0', '2466.0', '3014.0']",0.5
777,"['1944.0', '4620.0', '11044.0']","['4620.0', '8272.0', '10475.0']",0.2
778,"['5993.0', '5603.0', '10045.0']","['9382.0', '1301.0', '11533.0']",0.0
779,[],[],0.0
780,"['7909.0', '2166.0', '6648.0']","['22.0', '3149.0', '5708.0']",0.0
781,"['7023.0', '8743.0', '10946.0']","['5470.0', '6090.0', '10946.0']",0.2
782,"['7795.0', '5424.0', '2562.0']","['5424.0', '94.0', '2927.0']",0.2
783,"['6839.0', '2638.0', '7682.0']","['6839.0', '3399.0', '407.0']",0.2
784,"['6572.0', '3145.0', '9878.0']","['6572.0', '3145.0', '1407.0']",0.5
785,[],"['4955.0', '9605.0', '5494.0']",0.0
786,"['11033.0', '8932.0', '3708.0']","['3708.0', '8932.0', '7050.0']",0.5
787,"['10814.0', '200.0', '4403.0']","['8531.0', '8268.0', '7642.0']",0.0
788,[],[],0.0
789,"['10992.0', '980.0', '9129.0']","['9129.0', '8244.0', '9334.0']",0.2
790,[],"['6432.0', '3357.0', '1807.0']",0.0
791,"['6587.0', '1742.0', '4692.0']","['3922.0', '100.0', '6587.0']",0.2
792,"['9704.0', '608.0', '9878.0']","['4180.0', '7002.0', '2734.0']",0.0
793,"['4923.0', '11443.0']","['4923.0', '11443.0', '10839.0']",0.6666666666666666
794,['7902.0'],"['7902.0', '3529.0', '4361.0']",0.3333333333333333
795,"['5594.0', '4101.0', '8569.0']","['4101.0', '237.0', '10445.0']",0.2
796,"['32.0', '3329.0', '6135.0']","['32.0', '4478.0', '2301.0']",0.2
797,[],"['10266.0', '9077.0']",0.0
798,"['144.0', '661.0', '9988.0']","['638.0', '9699.0', '661.0']",0.2
799,"['4296.0', '5395.0', '11290.0']","['5395.0', '4296.0', '5671.0']",0.5
800,"['3077.0', '20.0', '9160.0']","['9621.0', '7167.0', '9770.0']",0.0
801,"['9454.0', '26.0', '200.0']","['9454.0', '11097.0', '8268.0']",0.2
802,[],[],0.0
803,"['5899.0', '2344.0', '1866.0']","['5899.0', '2344.0', '1866.0']",1.0
804,"['3727.0', '2406.0', '11025.0']","['2406.0', '3727.0', '2693.0']",0.5
805,"['6844.0', '10190.0', '2257.0']","['10320.0', '10190.0', '1801.0']",0.2
806,[],[],0.0
807,"['7778.0', '2150.0', '6561.0']","['1141.0', '2150.0', '7778.0']",0.5
808,"['1585.0', '4859.0', '5347.0']","['9809.0', '8731.0', '4859.0']",0.2
809,"['4203.0', '83.0', '10779.0']","['4203.0', '83.0', '5798.0']",0.5
810,"['10374.0', '2648.0', '8760.0']","['10374.0', '9247.0', '3268.0']",0.2
811,"['9705.0', '4563.0', '7406.0']","['9236.0', '9705.0', '7406.0']",0.5
812,"['2508.0', '1637.0', '3304.0']","['4146.0', '11511.0', '6241.0']",0.0
813,"['5628.0', '9135.0', '8867.0']","['5628.0', '9135.0', '8867.0']",1.0
814,"['4034.0', '3350.0', '6884.0']","['726.0', '11122.0', '11556.0']",0.0
815,"['2403.0', '3789.0']","['818.0', '8338.0', '5508.0']",0.0
816,['5783.0'],"['5783.0', '3539.0', '1852.0']",0.3333333333333333
817,[],[],0.0
818,[],"['3886.0', '3880.0', '794.0']",0.0
819,"['500.0', '4157.0', '5113.0']","['5113.0', '500.0', '7782.0']",0.5
820,"['3331.0', '7313.0', '8020.0']","['3331.0', '3744.0', '8020.0']",0.5
821,"['11163.0', '10287.0', '11517.0']","['11517.0', '11163.0', '2249.0']",0.5
822,[],[],0.0
823,"['7628.0', '5835.0', '4332.0']","['4332.0', '3307.0', '4490.0']",0.2
824,"['3573.0', '7311.0']","['7803.0', '4973.0', '6919.0']",0.0
825,[],[],0.0
826,[],"['5239.0', '6316.0', '9095.0']",0.0
827,"['9950.0', '217.0']","['217.0', '9950.0', '10808.0']",0.6666666666666666
828,[],[],0.0
829,"['9658.0', '1005.0', '7089.0']","['472.0', '4977.0', '1651.0']",0.0
830,[],[],0.0
831,['1547.0'],['1547.0'],1.0
832,"['11253.0', '11011.0', '4803.0']","['8657.0', '1053.0', '5650.0']",0.0
833,"['9045.0', '5556.0', '4248.0']","['4248.0', '9679.0', '985.0']",0.2
834,"['1043.0', '884.0', '2526.0']","['1043.0', '5833.0', '2526.0']",0.5
835,"['283.0', '1398.0', '10947.0']","['1398.0', '10947.0', '8345.0']",0.5
836,"['8393.0', '2076.0']","['8393.0', '6294.0', '7766.0']",0.25
837,[],[],0.0
838,['8908.0'],"['8908.0', '19.0', '3989.0']",0.3333333333333333
839,"['3476.0', '7012.0', '9387.0']","['9387.0', '2858.0', '11577.0']",0.2
840,"['8245.0', '3498.0', '8638.0']","['6711.0', '8638.0', '3424.0']",0.2
841,"['2555.0', '500.0', '5113.0']","['500.0', '3816.0', '1706.0']",0.2
842,"['7920.0', '7002.0', '4963.0']","['7002.0', '7920.0', '3927.0']",0.5
843,"['2105.0', '4209.0', '10577.0']","['2746.0', '372.0', '4392.0']",0.0
844,"['1180.0', '1956.0', '11267.0']","['7037.0', '2763.0', '5447.0']",0.0
845,"['9752.0', '3279.0', '7773.0']","['9752.0', '9057.0', '6748.0']",0.2
846,[],['4757.0'],0.0
847,['2686.0'],"['2686.0', '10887.0', '11303.0']",0.3333333333333333
848,"['1256.0', '957.0', '6780.0']","['957.0', '3826.0', '1256.0']",0.5
849,"['9016.0', '9313.0']","['10570.0', '5992.0', '3518.0']",0.0
850,"['9250.0', '6611.0', '3080.0']","['10069.0', '3080.0', '1325.0']",0.2
851,"['10656.0', '9633.0', '10968.0']","['9633.0', '10656.0', '10968.0']",1.0
852,"['1601.0', '2074.0', '7430.0']","['3535.0', '1601.0', '3840.0']",0.2
853,"['6348.0', '3996.0', '6546.0']","['6348.0', '6546.0', '2069.0']",0.5
854,[],"['6082.0', '193.0', '5613.0']",0.0
855,"['4496.0', '8705.0', '958.0']","['5375.0', '8705.0', '4836.0']",0.2
856,"['11298.0', '6134.0', '4478.0']","['11298.0', '2301.0', '2247.0']",0.2
857,"['8252.0', '7329.0', '1640.0']","['7329.0', '1174.0', '1043.0']",0.2
858,"['10969.0', '5431.0', '3252.0']","['10696.0', '4571.0', '502.0']",0.0
859,"['7433.0', '2895.0']","['4790.0', '7433.0']",0.3333333333333333
860,"['8972.0', '10169.0', '3445.0']","['663.0', '10169.0', '7664.0']",0.2
861,"['3330.0', '7032.0', '7612.0']","['10758.0', '2194.0', '2173.0']",0.0
862,['3114.0'],['3114.0'],1.0
863,"['2509.0', '3906.0', '6422.0']","['2509.0', '6422.0', '8237.0']",0.5
864,['3671.0'],['3671.0'],1.0
865,"['10567.0', '11008.0', '7630.0']","['8757.0', '6652.0', '6406.0']",0.0
866,"['9208.0', '966.0', '11234.0']","['966.0', '1121.0', '5788.0']",0.2
867,['10708.0'],['10708.0'],1.0
868,"['5200.0', '7620.0', '9581.0']","['9581.0', '3491.0', '7999.0']",0.2
869,"['3282.0', '475.0', '2368.0']","['475.0', '3282.0', '11430.0']",0.5
870,"['6258.0', '1782.0', '1878.0']","['1878.0', '1782.0', '9869.0']",0.5
871,['9004.0'],['9004.0'],1.0
872,"['471.0', '1839.0', '5941.0']","['471.0', '5258.0', '5941.0']",0.5
873,"['11588.0', '4025.0', '3526.0']","['935.0', '5325.0', '11588.0']",0.2
874,"['10498.0', '3980.0', '667.0']","['667.0', '9488.0', '9685.0']",0.2
875,"['7465.0', '3182.0']",[],0.0
876,['1429.0'],['1429.0'],1.0
877,"['696.0', '8796.0', '5420.0']","['4441.0', '8796.0', '3535.0']",0.2
878,"['7610.0', '144.0', '5294.0']","['2470.0', '7610.0', '2851.0']",0.2
879,"['2469.0', '8408.0', '1080.0']","['6698.0', '2672.0', '2469.0']",0.2
880,[],[],0.0
881,"['8638.0', '6711.0', '730.0']","['6711.0', '8638.0', '1699.0']",0.5
882,"['5657.0', '62.0', '3517.0']","['3517.0', '3550.0', '7546.0']",0.2
883,[],[],0.0
884,[],[],0.0
885,"['6549.0', '1623.0', '3898.0']","['6549.0', '4674.0', '1161.0']",0.2
886,"['1594.0', '8430.0', '11670.0']","['4594.0', '1594.0', '5813.0']",0.2
887,"['9352.0', '11378.0', '7262.0']","['9352.0', '7262.0', '7507.0']",0.5
888,"['3933.0', '8336.0', '9167.0']","['9167.0', '3933.0', '6716.0']",0.5
889,"['9566.0', '1357.0', '6531.0']","['643.0', '6531.0', '7102.0']",0.2
890,"['1555.0', '5659.0', '4884.0']","['1555.0', '5659.0', '4884.0']",1.0
891,"['10408.0', '2451.0', '9663.0']","['5295.0', '5998.0', '10408.0']",0.2
892,"['5677.0', '3252.0', '11589.0']","['11589.0', '6535.0', '371.0']",0.2
893,[],"['4054.0', '3587.0', '5067.0']",0.0
894,"['6317.0', '5812.0']","['5029.0', '5997.0', '2912.0']",0.0
895,"['1575.0', '6049.0', '1345.0']","['6049.0', '11662.0', '1480.0']",0.2
896,"['4068.0', '9240.0', '2596.0']","['4068.0', '2596.0', '10001.0']",0.5
897,['6363.0'],['6363.0'],1.0
898,"['10152.0', '10225.0', '2828.0']","['2828.0', '10225.0', '5252.0']",0.5
899,"['10577.0', '1055.0', '2612.0']","['2612.0', '10577.0', '1055.0']",1.0
900,"['2457.0', '3669.0', '398.0']","['2457.0', '398.0']",0.6666666666666666
901,"['3241.0', '4135.0', '728.0']","['3488.0', '4135.0']",0.25
902,"['7812.0', '3957.0', '4263.0']","['3957.0', '6067.0', '4263.0']",0.5
903,"['5817.0', '3828.0', '5360.0']","['5817.0', '3828.0', '5168.0']",0.5
904,"['11129.0', '4022.0', '5166.0']","['821.0', '11129.0', '4181.0']",0.2
905,"['7865.0', '8270.0', '9413.0']","['5281.0', '9413.0', '3690.0']",0.2
906,"['1756.0', '1674.0', '2080.0']","['1756.0', '570.0', '7012.0']",0.2
907,"['5014.0', '2874.0']","['4810.0', '5014.0', '11543.0']",0.25
908,"['10535.0', '4013.0', '6276.0']","['6263.0', '10535.0', '2720.0']",0.2
909,"['6083.0', '10635.0']","['6083.0', '10646.0', '6731.0']",0.25
910,"['9323.0', '10769.0', '2907.0']","['9323.0', '3388.0', '3051.0']",0.2
911,"['500.0', '9537.0', '5594.0']","['500.0', '5113.0', '7782.0']",0.2
912,"['1609.0', '3929.0', '9034.0']","['985.0', '4248.0', '540.0']",0.0
913,[],"['10199.0', '264.0']",0.0
914,"['9975.0', '8222.0', '736.0']","['736.0', '9975.0', '9431.0']",0.5
915,[],[],0.0
916,"['4698.0', '6967.0', '3676.0']","['77.0', '5987.0', '10034.0']",0.0
917,[],[],0.0
918,"['2120.0', '6540.0', '11359.0']","['11359.0', '4588.0', '3844.0']",0.2
919,"['10018.0', '4552.0', '8541.0']","['140.0', '2776.0', '7848.0']",0.0
920,[],[],0.0
921,"['10229.0', '818.0', '5978.0']",[],0.0
922,"['2712.0', '7443.0', '3069.0']","['7443.0', '3069.0', '10195.0']",0.5
923,"['3543.0', '2926.0', '6207.0']","['2926.0', '776.0', '3682.0']",0.2
924,"['9892.0', '4816.0', '6987.0']","['6987.0', '2028.0', '3274.0']",0.2
925,[],[],0.0
926,[],[],0.0
927,[],[],0.0
928,"['7936.0', '8511.0']","['7936.0', '3571.0', '11303.0']",0.25
929,[],[],0.0
930,"['7660.0', '3392.0', '4901.0']","['4213.0', '4052.0', '7476.0']",0.0
931,"['6373.0', '3805.0', '5613.0']","['1521.0', '10914.0', '6373.0']",0.2
932,"['9626.0', '10587.0', '5902.0']","['10587.0', '6512.0', '5902.0']",0.5
933,"['2576.0', '2035.0', '11201.0']",['9271.0'],0.0
934,"['10734.0', '6993.0', '10925.0']","['10925.0', '6993.0']",0.6666666666666666
935,"['7664.0', '4612.0']","['4612.0', '8799.0']",0.3333333333333333
936,"['1634.0', '7982.0', '11671.0']","['9586.0', '534.0', '11010.0']",0.0
937,"['9797.0', '8577.0', '129.0']","['1687.0', '628.0', '2785.0']",0.0
938,"['6553.0', '6961.0', '9514.0']","['6088.0', '4925.0', '11303.0']",0.0
939,"['10552.0', '11204.0', '4094.0']","['3533.0', '7526.0', '10552.0']",0.2
940,"['10124.0', '8909.0', '5812.0']","['5652.0', '6317.0', '1564.0']",0.0
941,"['1920.0', '9713.0', '2248.0']","['1920.0', '5111.0', '9118.0']",0.2
942,[],['3195.0'],0.0
943,"['1174.0', '8252.0', '6596.0']","['8756.0', '2526.0', '7329.0']",0.0
944,"['5571.0', '11316.0', '9504.0']","['9564.0', '11316.0', '1086.0']",0.2
945,"['5449.0', '7367.0', '10861.0']","['7367.0', '4225.0', '4992.0']",0.2
946,[],[],0.0
947,"['11193.0', '7149.0', '10978.0']","['1244.0', '11193.0', '8579.0']",0.2
948,"['2805.0', '11481.0', '6110.0']","['2805.0', '11481.0', '6110.0']",1.0
949,"['4299.0', '878.0', '2483.0']","['4299.0', '5549.0', '7946.0']",0.2
950,[],[],0.0
951,[],['1620.0'],0.0
952,[],[],0.0
953,"['7164.0', '2510.0']",['2510.0'],0.5
954,[],[],0.0
955,"['9676.0', '184.0', '2722.0']","['9676.0', '8609.0', '11444.0']",0.2
956,"['8205.0', '8699.0', '4936.0']","['4936.0', '6962.0', '7641.0']",0.2
957,"['7451.0', '1735.0', '7270.0']","['570.0', '10772.0', '2792.0']",0.0
958,"['5852.0', '8866.0', '5270.0']","['8866.0', '5852.0', '10332.0']",0.5
959,"['3806.0', '8577.0', '6105.0']","['129.0', '6105.0', '5607.0']",0.2
960,"['8632.0', '3540.0']","['3355.0', '3471.0', '5182.0']",0.0
961,"['4316.0', '10492.0', '5261.0']","['4316.0', '6401.0', '10431.0']",0.2
962,"['5225.0', '2587.0', '5964.0']","['5225.0', '5964.0', '2345.0']",0.5
963,[],[],0.0
964,"['8144.0', '8195.0']","['8195.0', '8144.0', '5029.0']",0.6666666666666666
965,"['3348.0', '4005.0', '9463.0']","['3348.0', '9463.0', '7317.0']",0.5
966,['6680.0'],['3950.0'],0.0
967,"['11.0', '7168.0']","['2964.0', '4441.0', '4270.0']",0.0
968,"['8654.0', '9709.0', '480.0']","['8823.0', '9313.0', '7042.0']",0.0
969,[],"['2569.0', '7594.0', '1180.0']",0.0
970,[],[],0.0
971,"['5965.0', '1393.0', '4082.0']","['4905.0', '3989.0', '2846.0']",0.0
972,"['10274.0', '5928.0', '7609.0']","['5928.0', '5568.0', '11200.0']",0.2
973,[],[],0.0
974,['1029.0'],"['1029.0', '4785.0', '7238.0']",0.3333333333333333
975,"['3224.0', '7381.0', '3586.0']","['3586.0', '7381.0', '3224.0']",1.0
976,"['7846.0', '9115.0', '7812.0']","['7846.0', '2126.0', '7503.0']",0.2
977,[],[],0.0
978,[],[],0.0
979,"['3857.0', '2304.0', '9830.0']","['6638.0', '6281.0', '2304.0']",0.2
980,"['9307.0', '10673.0', '6773.0']","['9307.0', '10673.0', '7456.0']",0.5
981,['7729.0'],"['9189.0', '6737.0', '9833.0']",0.0
982,"['3906.0', '6023.0', '9163.0']","['10142.0', '9163.0', '2288.0']",0.2
983,"['1445.0', '4467.0', '6018.0']","['4467.0', '6960.0', '403.0']",0.2
984,"['73.0', '5448.0', '1371.0']","['73.0', '1371.0', '5448.0']",1.0
985,['104.0'],"['7207.0', '1607.0', '104.0']",0.3333333333333333
986,"['3518.0', '9377.0', '10488.0']","['1042.0', '5098.0', '10488.0']",0.2
987,"['346.0', '1870.0', '2334.0']","['11085.0', '2374.0', '7508.0']",0.0
988,"['10240.0', '897.0', '9652.0']","['5202.0', '9349.0', '10498.0']",0.0
989,[],[],0.0
990,"['9030.0', '31.0', '2996.0']","['988.0', '6992.0', '5252.0']",0.0
991,"['1670.0', '2512.0']","['1670.0', '2512.0', '4496.0']",0.6666666666666666
992,"['8811.0', '1896.0', '7114.0']","['6152.0', '8163.0', '1226.0']",0.0
993,['1178.0'],['1178.0'],1.0
994,[],"['10195.0', '7443.0', '7230.0']",0.0
995,[],[],0.0
996,['5463.0'],"['5463.0', '6977.0']",0.5
997,[],[],0.0
998,"['5310.0', '1688.0', '8971.0']","['7094.0', '5310.0', '8971.0']",0.5
999,"['5960.0', '7901.0']","['10702.0', '3271.0', '4118.0']",0.0
